{
  "Node": {
    "Items": [
      {
        "Keys": [
          {
            "Token": {
              "Type": 4,
              "Pos": {
                "Filename": "",
                "Offset": 0,
                "Line": 1,
                "Column": 1
              },
              "Text": "resource",
              "JSON": false
            }
          },
          {
            "Token": {
              "Type": 9,
              "Pos": {
                "Filename": "",
                "Offset": 9,
                "Line": 1,
                "Column": 10
              },
              "Text": "\"bucket\"",
              "JSON": false
            }
          },
          {
            "Token": {
              "Type": 9,
              "Pos": {
                "Filename": "",
                "Offset": 18,
                "Line": 1,
                "Column": 19
              },
              "Text": "\"name\"",
              "JSON": false
            }
          }
        ],
        "Assign": {
          "Filename": "",
          "Offset": 0,
          "Line": 0,
          "Column": 0
        },
        "Val": {
          "Lbrace": {
            "Filename": "",
            "Offset": 25,
            "Line": 1,
            "Column": 26
          },
          "Rbrace": {
            "Filename": "",
            "Offset": 84,
            "Line": 7,
            "Column": 1
          },
          "List": {
            "Items": [
              {
                "Keys": [
                  {
                    "Token": {
                      "Type": 4,
                      "Pos": {
                        "Filename": "",
                        "Offset": 29,
                        "Line": 2,
                        "Column": 3
                      },
                      "Text": "property",
                      "JSON": false
                    }
                  }
                ],
                "Assign": {
                  "Filename": "",
                  "Offset": 38,
                  "Line": 2,
                  "Column": 12
                },
                "Val": {
                  "Token": {
                    "Type": 9,
                    "Pos": {
                      "Filename": "",
                      "Offset": 40,
                      "Line": 2,
                      "Column": 14
                    },
                    "Text": "\"value\"",
                    "JSON": false
                  },
                  "LeadComment": null,
                  "LineComment": null
                },
                "LeadComment": null,
                "LineComment": null
              },
              {
                "Keys": [
                  {
                    "Token": {
                      "Type": 4,
                      "Pos": {
                        "Filename": "",
                        "Offset": 51,
                        "Line": 4,
                        "Column": 3
                      },
                      "Text": "group",
                      "JSON": false
                    }
                  }
                ],
                "Assign": {
                  "Filename": "",
                  "Offset": 0,
                  "Line": 0,
                  "Column": 0
                },
                "Val": {
                  "Lbrace": {
                    "Filename": "",
                    "Offset": 57,
                    "Line": 4,
                    "Column": 9
                  },
                  "Rbrace": {
                    "Filename": "",
                    "Offset": 82,
                    "Line": 6,
                    "Column": 3
                  },
                  "List": {
                    "Items": [
                      {
                        "Keys": [
                          {
                            "Token": {
                              "Type": 4,
                              "Pos": {
                                "Filename": "",
                                "Offset": 63,
                                "Line": 5,
                                "Column": 5
                              },
                              "Text": "sub",
                              "JSON": false
                            }
                          }
                        ],
                        "Assign": {
                          "Filename": "",
                          "Offset": 67,
                          "Line": 5,
                          "Column": 9
                        },
                        "Val": {
                          "Token": {
                            "Type": 9,
                            "Pos": {
                              "Filename": "",
                              "Offset": 69,
                              "Line": 5,
                              "Column": 11
                            },
                            "Text": "\"subvalue\"",
                            "JSON": false
                          },
                          "LeadComment": null,
                          "LineComment": null
                        },
                        "LeadComment": null,
                        "LineComment": null
                      }
                    ]
                  }
                },
                "LeadComment": null,
                "LineComment": null
              }
            ]
          }
        },
        "LeadComment": null,
        "LineComment": null
      }
    ]
  },
  "Comments": []
}